3.785521743606812706e+00,1.007090155673016625e+02,-1.475567438479249631e+02
-1.111964386858548259e+01,-8.922703648712007407e+01,1.431603624216645869e+02
3.449011447401093022e+01,2.185617211278555203e+02,-3.243786061871718971e+02
-4.039933764964953156e+01,-2.138256609043580738e+02,3.474138018592457229e+02
6.803538748761933164e+01,2.607982885762008323e+02,-3.816765957811581416e+02
1.012387323889483604e+01,7.071369653156661172e+01,-8.649494504777850068e+01
2.034358736195578388e+01,1.544811247391992310e+02,-2.376325048187944446e+02
4.557372667062593763e+01,1.919855418432649685e+02,-2.835208238100123594e+02
-4.948083476119147406e+01,-3.224729003339675160e+02,4.888739221804893873e+02
-6.301958093138814121e+01,-2.828131744617337517e+02,4.444548853190167392e+02
-1.842577967193317789e+01,-2.977652483368325065e+01,5.445457882558946494e+01
2.148938583390939527e+01,1.408733581976024141e+02,-2.259273738941672036e+02
-1.890171394442414510e+01,-1.136213161177892488e+02,1.851928091415655047e+02
1.543516255035180862e+01,6.308923296746053921e+01,-8.964038256321430254e+01
-2.485753814658192340e+00,-1.024759983018684872e+00,2.248140813980963770e+01
2.361815421587547092e+01,1.438976732828515708e+02,-2.143811288382783289e+02
9.011373143234040128e+01,3.215112574337362048e+02,-5.150429090092687829e+02
-4.959154170428519848e+01,-3.137109519489565628e+02,4.630579803695939063e+02
2.313684836467354344e+00,1.313901507005388147e+01,1.189229827140053306e-02
-4.814975465557718337e+01,-2.108049494702108007e+02,2.885327299416475739e+02
3.261177963945879554e+00,9.818333118664997983e+01,-1.441469675883271861e+02
-1.164388213736752498e+01,-9.241183795184753080e+01,1.448861612532990648e+02
3.475587941372354095e+01,2.175011560148835770e+02,-3.277546752297037642e+02
-4.104681410260094054e+01,-2.142267612882020558e+02,3.483971123392539653e+02
6.997198502823493982e+01,2.601528093446571006e+02,-3.869236596760190992e+02
1.216197069175521150e+01,6.694010223331534348e+01,-8.385598596718590159e+01
1.928961781898698646e+01,1.507471478978544610e+02,-2.347387774448715732e+02
4.711631554293550295e+01,1.859184749782644417e+02,-2.929467835720963080e+02
-4.925995979751365894e+01,-3.174915480405882704e+02,4.866533226009932491e+02
-6.299128992226004442e+01,-2.842166615887624062e+02,4.466046025383923279e+02
-1.823973850485471360e+01,-2.880115056297490383e+01,5.254334133648504235e+01
2.229573602688168776e+01,1.416126854063814733e+02,-2.277155328404570014e+02
-1.994746334338416105e+01,-1.137581873643295296e+02,1.890096942816199430e+02
1.488049674830661218e+01,6.424721688250571106e+01,-9.064580448096026544e+01
-2.792469801907405902e+00,-9.802243678945353755e-01,2.192022784371580002e+01
2.359085934609627344e+01,1.428131282383786527e+02,-2.131063042984806088e+02
9.190175921381710111e+01,3.225574642946045856e+02,-5.166681483222533871e+02
-4.932057703825993400e+01,-3.140140264813912836e+02,4.623729691914509772e+02
2.452959393157917667e+00,1.262619092056634429e+01,-2.776059983686530175e-01
-4.935231808213151083e+01,-2.115772265338445379e+02,2.918726940864663106e+02
2.544679114246465534e+00,9.535595232507829166e+01,-1.409608271299555327e+02
-1.229230012398307004e+01,-9.530180765327638426e+01,1.467884571055281526e+02
3.537541314113328639e+01,2.154960522578103905e+02,-3.316889761825926826e+02
-4.159023236026870762e+01,-2.146705151120358153e+02,3.493649225786729744e+02
7.044034466912999903e+01,2.608133897657151579e+02,-3.904960464097048316e+02
1.635020006912919044e+01,5.814605380315789063e+01,-8.414446788600409377e+01
1.845896604743386504e+01,1.464348083055143377e+02,-2.321794780260019309e+02
4.670711043041932697e+01,1.933393426519069749e+02,-2.938274354109966566e+02
-4.800711556218430331e+01,-3.159986204263872764e+02,4.822341003035589893e+02
-6.300918207702778062e+01,-2.856589548773558818e+02,4.487233679433707607e+02
-1.806049974467789099e+01,-2.779815821387982666e+01,5.064952243364494677e+01
2.263035286916685251e+01,1.432093131594861291e+02,-2.290205165098964812e+02
-1.999929895940657332e+01,-1.159313372201801826e+02,1.916259293784379167e+02
1.427901107199341979e+01,6.565752804859090475e+01,-9.149547592355942527e+01
-3.024907812852617450e+00,-9.203196467306845596e-01,2.137826182357394345e+01
2.360943861553415957e+01,1.417317172535993564e+02,-2.118223384178248523e+02
9.207858447897949361e+01,3.240043010273162167e+02,-5.183601094109382075e+02
-4.906687753275915043e+01,-3.141528463717756949e+02,4.617990392174961016e+02
2.262909280228455167e+00,1.247589953956716791e+01,-3.771546655895515743e-01
-4.993188634223667322e+01,-2.126341218338093881e+02,2.951011966528287189e+02
1.919537144599793299e+00,9.286171393544648822e+01,-1.375435101043501334e+02
-1.303544141270715073e+01,-9.788882408235549804e+01,1.488757408149002401e+02
3.649606206860219970e+01,2.169816197426184203e+02,-3.332364453905691448e+02
-4.214441293002680311e+01,-2.151146559784987460e+02,3.503310756119683447e+02
7.075194995113675134e+01,2.612848960876705746e+02,-3.930011198132630170e+02
1.594577070436611166e+01,5.599828981074160339e+01,-8.085429059307237765e+01
1.785346092569652043e+01,1.434105409816884276e+02,-2.287399809827179524e+02
4.693752031499482058e+01,1.936626915451205662e+02,-2.992566979939472844e+02
-4.737375294157801164e+01,-3.148863669435285146e+02,4.775267536800078005e+02
-6.303009761063739802e+01,-2.871058612389829250e+02,4.508399581006044627e+02
-1.791942311616208983e+01,-2.678283266241474436e+01,4.875869228927211196e+01
2.333242200788950171e+01,1.438469652778199759e+02,-2.308886904770538706e+02
-1.972950210937915827e+01,-1.192032768679451209e+02,1.935674844835651527e+02
1.435872746368791120e+01,6.602916587580016028e+01,-9.291400842828581119e+01
-3.298629844323812677e+00,-8.277115186212693487e-01,2.085204869609561129e+01
2.366886667508194719e+01,1.406526774356842111e+02,-2.105305360263929799e+02
9.393428290641244871e+01,3.251238387891594925e+02,-5.199228916604938604e+02
-4.862674568805262254e+01,-3.140781795491898833e+02,4.613899080077304120e+02
2.139862705140187060e+00,1.227373699335466206e+01,-5.014091467361009302e-01
-4.843508282595806946e+01,-2.149383693637859380e+02,2.977641195254980175e+02
9.802257413208903536e-01,8.890018729303119471e+01,-1.351201275467780931e+02
-1.428277375128971194e+01,-1.007844787431944695e+02,1.507008225457946082e+02
3.766615985298772529e+01,2.165568683891951594e+02,-3.360328074070225739e+02
-4.264988072255630414e+01,-2.155902491386498525e+02,3.512829156304644016e+02
7.106044850774812005e+01,2.623819710969422658e+02,-3.950859866627594101e+02
1.555908754346397771e+01,5.390659321722018404e+01,-7.752281703046243422e+01
1.944031001270274572e+01,1.373960779554262501e+02,-2.269016197864817741e+02
4.618798489647920036e+01,1.934217976784978532e+02,-3.052162135354965926e+02
-4.632466327733738609e+01,-3.123434078711190409e+02,4.737618588660937462e+02
-6.306339430081067832e+01,-2.885543756090847864e+02,4.529538751984108558e+02
-1.780961106221409551e+01,-2.575073763847685626e+01,4.687459591802270609e+01
2.400502937721562802e+01,1.447028160636570817e+02,-2.326203053515069143e+02
-1.994589203160519730e+01,-1.223426903429870265e+02,1.955386440927523495e+02
1.371060143333077619e+01,6.751238851174753108e+01,-9.372513068889399790e+01
-3.559857912056975326e+00,-7.450964780980441349e-01,2.032094372897001477e+01
2.370908538057582149e+01,1.395745418073386475e+02,-2.092409595991918536e+02
9.479762572692420974e+01,3.263391137293232305e+02,-5.216207676063880854e+02
-4.841719034383307019e+01,-3.143097094263252984e+02,4.607505514217858149e+02
2.272490101461215328e+00,1.183517333294449259e+01,-7.441721693148388717e-01
-4.737311564761332505e+01,-2.169290122901532527e+02,3.005836275492583241e+02
4.085220017835340944e-01,8.709600209565201112e+01,-1.312465780946771474e+02
-1.515971583398639488e+01,-1.029114115098528828e+02,1.530701730329186034e+02
3.935556948767904117e+01,2.158045115339925246e+02,-3.389506629750871980e+02
-4.313753702998839401e+01,-2.160765560665375631e+02,3.522299436078578196e+02
7.138572507287688040e+01,2.638267729346595729e+02,-3.969337249673855013e+02
1.332564416825766429e+01,5.231063268214692386e+01,-7.410077533425732099e+01
1.852925136705665210e+01,1.353991709342606669e+02,-2.228493493858917418e+02
4.661606808503372434e+01,1.962594013875131225e+02,-3.089551330056190181e+02
-4.717644497094387646e+01,-3.060077742219667130e+02,4.723266185092847991e+02
-6.313009383355911552e+01,-2.900300416236848378e+02,4.550455365749494945e+02
-1.773398558460673868e+01,-2.470695282165911522e+01,4.499361158863212751e+01
2.452273073967111827e+01,1.457555379528866695e+02,-2.342489143037293786e+02
-2.026721533610671955e+01,-1.237742444174087382e+02,1.986023223931229893e+02
1.342011219472097316e+01,6.848365218764277529e+01,-9.481380422470157043e+01
-3.813616584070327775e+00,-6.680877132271911822e-01,1.978712869276035846e+01
2.366872474720582176e+01,1.385174633974567655e+02,-2.079496217915824730e+02
9.541353580225211317e+01,3.278491607107687287e+02,-5.231878372021640189e+02
-4.797142482923144513e+01,-3.142920302903507945e+02,4.603042791094973154e+02
2.169695184257070419e+00,1.163868754961384688e+01,-8.623055190132046244e-01
-4.803433081919246206e+01,-2.178722137669331289e+02,3.038799810657091598e+02
-2.562008880593605320e-01,8.489232490164165768e+01,-1.276433848857681284e+02
-1.674801862191042900e+01,-1.057637692106177383e+02,1.548830999286701342e+02
4.042903391429308613e+01,2.170430195167487284e+02,-3.406638048058758841e+02
-4.334232278847360931e+01,-2.168200667470502196e+02,3.530397073966701669e+02
7.169746750011410086e+01,2.655197124583972368e+02,-3.986168610202195168e+02
1.229120288879023271e+01,5.077015323968280569e+01,-7.051338467767342877e+01
1.814058042569748608e+01,1.326657261373252084e+02,-2.191930498069124269e+02
4.694530776173787245e+01,2.014547861810713414e+02,-3.111605139412118319e+02
-5.217003270453298569e+01,-3.186463492888393034e+02,4.576857382174506483e+02
-6.320762509221327008e+01,-2.915092108041240522e+02,4.571347094842045067e+02
-1.768808526050376173e+01,-2.366120253073004065e+01,4.311017606898178656e+01
2.480616691898967119e+01,1.475509168120118204e+02,-2.354335978371740907e+02
-2.065534792074216597e+01,-1.263335962657528171e+02,2.009283345505461966e+02
1.336737839737478595e+01,6.918264261347665922e+01,-9.604282510775033188e+01
-4.063235181720675548e+00,-5.938058948580556828e-01,1.925202977996438136e+01
2.373006512073144236e+01,1.374365537458680819e+02,-2.066585052542740186e+02
9.539247478742692010e+01,3.291307044014421876e+02,-5.250177034874935771e+02
-4.833515868964854434e+01,-3.140096119371713712e+02,4.599517198510507683e+02
2.302426523423663607e+00,1.121436072647929016e+01,-1.095860307252226162e+00
-4.670021203698055245e+01,-2.198097445167352930e+02,3.067788293105712683e+02
-9.779556295401815591e-01,8.218392878650351463e+01,-1.243727614671299762e+02
-1.800672170856536880e+01,-1.080339736090193128e+02,1.571143517040151494e+02
4.083529953948026048e+01,2.200301873866968663e+02,-3.413352387335011144e+02
-4.355410544165732745e+01,-2.175608752359033247e+02,3.538504392383912887e+02
7.203993449648957892e+01,2.664137599304370383e+02,-4.008308537722047618e+02
1.115209346909299448e+01,4.941249380715731832e+01,-6.682372886743691254e+01
1.691395709999994779e+01,1.307042977811842093e+02,-2.151630520039416581e+02
4.687777558185690197e+01,2.033698651287618873e+02,-3.155907454116753570e+02
-4.630386835591285433e+01,-3.006900892390555100e+02,4.648712205667771968e+02
-6.329827717142716637e+01,-2.929966279637239950e+02,4.592170749513700230e+02
-1.766948763016474544e+01,-2.261273729502774543e+01,4.122509633510266269e+01
2.551269858724135986e+01,1.480206683398509426e+02,-2.374098465721601485e+02
-2.093335455438172943e+01,-1.267776516515872487e+02,2.046356909872033896e+02
1.310557689302527784e+01,7.017847961370389953e+01,-9.711262010231232011e+01
-4.311456087494820899e+00,-5.199996314762378447e-01,1.871674360470847986e+01
2.377416801192916296e+01,1.363731894461511160e+02,-2.053582678511014308e+02
9.487780197690447892e+01,3.297280272218952746e+02,-5.273583631774843070e+02
-4.863148518972945311e+01,-3.132627070575418884e+02,4.599252477571213831e+02
2.409776245282839735e+00,1.081890126848361788e+01,-1.314165399672086787e+00
-4.655750843946900375e+01,-2.213343716904177256e+02,3.097968404178054129e+02
-1.650274053291615139e+00,7.934220791759683777e+01,-1.211795288672801547e+02
-1.905298329655201783e+01,-1.100801194851961924e+02,1.595162550501118801e+02
4.219683030702591253e+01,2.200263433740482810e+02,-3.438188813765813734e+02
-4.375727726802209361e+01,-2.183060353191273464e+02,3.546594888778662380e+02
7.302976078215263556e+01,2.730619774804810049e+02,-3.990937431626177272e+02
1.000624385718176335e+01,4.803319906658020244e+01,-6.314785915555088280e+01
1.643009654171944334e+01,1.278959974964226376e+02,-2.115657918187089876e+02
4.790221700559734330e+01,2.045985605521037485e+02,-3.202925617529338638e+02
-4.574120782817603725e+01,-2.983058359241636026e+02,4.609757345121523144e+02
-6.322113467412354737e+01,-2.927446051410574341e+02,4.586613358078752753e+02
-1.767569227615061322e+01,-2.156273950031377140e+01,3.933796942097790605e+01
2.593436898898845655e+01,1.491889494324382781e+02,-2.389793891112735196e+02
-2.125085678481855922e+01,-1.283916139050946867e+02,2.075825877866469114e+02
1.289326492891318487e+01,7.113998993187620101e+01,-9.819782722227728300e+01
-4.545224535931219556e+00,-4.564755818795686038e-01,1.817661429640956428e+01
2.371914388292378106e+01,1.353563774626811096e+02,-2.040422561795231786e+02
9.450121706696114643e+01,3.310137233094154681e+02,-5.292525208506197032e+02
-4.908554177554028541e+01,-3.127386621989128344e+02,4.597295941307627913e+02
1.689844456730504207e+00,8.927354009795088530e+00,2.009889613496741667e+00
-4.667156216984113826e+01,-2.227431528908620635e+02,3.128558496719131199e+02
-2.255409877012598319e+00,7.656599101371699589e+01,-1.179332184068877325e+02
-1.950279783962852775e+01,-1.115021253371440650e+02,1.623957525914185283e+02
4.270512698838857801e+01,2.224352199657312781e+02,-3.448536989573378264e+02
-4.394853121089402492e+01,-2.190569246934645378e+02,3.554663658280205141e+02
7.318420390413395182e+01,2.743968373747774763e+02,-4.010462640843363715e+02
8.897147450192507634e+00,4.656945463519616624e+01,-5.951905748438667132e+01
1.513651561899815690e+01,1.260134288123728510e+02,-2.074903430446322261e+02
4.861875334429495865e+01,2.078943620164452000e+02,-3.236942034313487397e+02
-4.513332371249261143e+01,-2.960909851641594628e+02,4.569756569864484277e+02
-6.314427498942541206e+01,-2.908213693225350767e+02,4.555220583597189830e+02
-1.770593945109337852e+01,-2.051174671166684149e+01,3.744856646508542042e+01
2.658096753224154796e+01,1.503201464246064631e+02,-2.405368671384574952e+02
-2.159234375286803598e+01,-1.316836006327418431e+02,2.094359218732801651e+02
1.279716320662740614e+01,7.199951298032864599e+01,-9.933187586612706355e+01
-4.766470072971936034e+00,-4.017525066554402668e-01,1.763234668122406745e+01
2.380167394341804155e+01,1.342818376494792574e+02,-2.027431579876628689e+02
9.634573669736964519e+01,3.326524566214356469e+02,-5.305029581274035309e+02
-4.956150438163835759e+01,-3.122740098906940602e+02,4.594902211006813673e+02
9.143912678433870900e-01,6.546763296698427048e+00,5.934998024042424269e+00
-4.669837045471572878e+01,-2.241994432001144162e+02,3.158930592397093164e+02
-2.823350488888987542e+00,7.397581566984833046e+01,-1.145611068064186640e+02
-1.959959186236240214e+01,-1.126456919269912049e+02,1.654968207300028951e+02
4.406875018354277529e+01,2.226790062088678894e+02,-3.471838656465045005e+02
-4.414460184817326649e+01,-2.198059065062200830e+02,3.562739576922651850e+02
7.314891216111550420e+01,2.760007242596537935e+02,-4.028538583377263649e+02
8.307577790465206391e+00,4.423765510672820511e+01,-5.636817814219087808e+01
1.466794635009627967e+01,1.231794087386108885e+02,-2.039039814889526383e+02
4.948513328970699376e+01,2.119932222669172290e+02,-3.265377387072081774e+02
-4.453723559378128272e+01,-2.939001215646618448e+02,4.529616764147167487e+02
-6.312930092495543022e+01,-2.889472293709685573e+02,4.523424705064956015e+02
-1.775833752059266146e+01,-1.946032966175977563e+01,3.555679974651952335e+01
2.655971012058452274e+01,1.522148117348689027e+02,-2.417059258493615346e+02
-2.186369198789729751e+01,-1.333834497972316626e+02,2.123314490406082484e+02
1.286917236006325815e+01,7.271097725690461289e+01,-1.005361052923665568e+02
-4.974858843861333924e+00,-3.561889608639549620e-01,1.708375409925513111e+01
2.383376319352847972e+01,1.332266766736379680e+02,-2.014386345481633498e+02
9.605627382546315118e+01,3.333932912590947808e+02,-5.327142323975617728e+02
-4.994547220562079559e+01,-3.117045981063028535e+02,4.593319701869650089e+02
6.476614994231587596e-01,3.611639275770315738e+00,9.571586043735486271e+00
-4.682880326322702302e+01,-2.256315572501610802e+02,3.189325062619154210e+02
-3.248612802353424645e+00,7.109103809678514097e+01,-1.113590146453937848e+02
-2.089381725007418211e+01,-1.144227185715463833e+02,1.680499871833777092e+02
4.534959856367009223e+01,2.234499173238910714e+02,-3.491801946241135965e+02
-4.432365510453131208e+01,-2.205628348352316834e+02,3.570785697307844089e+02
7.373712659709727291e+01,2.768053303981441786e+02,-4.050800037315680697e+02
7.413992070787463362e+00,4.246630840686330544e+01,-5.290264139404694532e+01
1.338702289717156901e+01,1.215786918482290702e+02,-1.996442682957406589e+02
5.040571200488466985e+01,2.124733945310053969e+02,-3.317618190784717171e+02
-4.395210787924171569e+01,-2.916853156591762968e+02,4.489641819627643144e+02
-6.312286448720926302e+01,-2.871061191054336064e+02,4.491411240173443957e+02
-1.783088132786045321e+01,-1.841117970582294561e+01,3.366124986364555838e+01
2.710962465202347005e+01,1.531851212435079219e+02,-2.433841329644201323e+02
-2.211056507386020797e+01,-1.348620014410406611e+02,2.153741883641053505e+02
1.335931618633665252e+01,7.299053173332315225e+01,-1.019534737400173583e+02
-5.166257868331622483e+00,-3.543326512541241091e-01,1.650871258474471404e+01
2.385839105875131594e+01,1.321475779445486580e+02,-2.001507168796231610e+02
9.636764381453619421e+01,3.350012017162802636e+02,-5.342782557442180860e+02
-5.030973835792359239e+01,-3.111306258330968149e+02,4.591789300930968807e+02
7.401566081466433022e-01,1.090570824501813224e-01,1.290163978111479359e+01
-4.712894020081606072e+01,-2.270207685322907594e+02,3.219784185576484106e+02
-8.718806761555432383e-02,6.306566619971613363e+01,-1.109238409747160858e+02
-2.132315976235368638e+01,-1.156501751233524971e+02,1.710586973345261015e+02
4.606279363858654108e+01,2.252423433931997465e+02,-3.505989237240453917e+02
-4.451692017153509795e+01,-2.213135015509224957e+02,3.578855709277265191e+02
7.463665533559897369e+01,2.770246774470822402e+02,-4.076372655715068163e+02
6.640225710377920088e+00,4.052306467957748737e+01,-4.952897599540401785e+01
1.177443267312662556e+01,1.214672750146754652e+02,-1.944717751887293105e+02
5.163907005453675936e+01,2.157713348011088499e+02,-3.350719004239289234e+02
-4.339632260958900645e+01,-2.893615082103229952e+02,4.450372357237276333e+02
-6.313807090293896351e+01,-2.853273568208265374e+02,4.458957606434182139e+02
-1.792308640502129435e+01,-1.736225388063670749e+01,3.176331721721654233e+01
2.779768497951307893e+01,1.538236774794628445e+02,-2.452555462407332243e+02
-2.250939393959199464e+01,-1.372965356147028615e+02,2.177757992023930740e+02
1.323933528962728623e+01,7.398281786898287748e+01,-1.030058854662144938e+02
-5.345856862880370208e+00,-3.725567727739569346e-01,1.592192938251496948e+01
2.390805617995678745e+01,1.309827466286549509e+02,-1.989153216725109132e+02
9.739677831892876725e+01,3.361566189474606290e+02,-5.359810004685127751e+02
-5.072295433282926780e+01,-3.106755163328838307e+02,4.589391212064975889e+02
3.498703300096907554e-01,-2.898558461875106573e+00,1.650881045004972947e+01
-4.738733181564408881e+01,-2.284480576305602426e+02,3.250043224104049386e+02
1.985951342520681395e+00,5.826796270148578571e+01,-1.085593862036272128e+02
-2.143303716602585141e+01,-1.167146905070735414e+02,1.742086422459074697e+02
4.637370082126781767e+01,2.278447033707954859e+02,-3.515466940710001040e+02
-4.471410153115500918e+01,-2.220625026032687686e+02,3.586932544057499967e+02
7.480638928768503604e+01,2.784756200145772027e+02,-4.095088916522429372e+02
5.904114943389048520e+00,3.855275894718529628e+01,-4.616654144795565173e+01
1.103165419963221616e+01,1.195903294678072513e+02,-1.903101765039269822e+02
5.283608220994184279e+01,2.187993413716029636e+02,-3.385657413121289778e+02
-4.284672791404744174e+01,-2.869878756585462725e+02,4.411429490890894272e+02
-6.312204635525411334e+01,-2.835470052857785390e+02,4.426558176125085993e+02
-1.799560499932864133e+01,-1.634205463293713123e+01,2.984973745462549743e+01
2.819933196739709302e+01,1.554844658357306173e+02,-2.465080013620732586e+02
-2.308865967949903464e+01,-1.399213726250294769e+02,2.200301197363829999e+02
1.361973471717394801e+01,7.426268534717245018e+01,-1.044326859714442151e+02
-5.517891664523919104e+00,-3.984786354225708371e-01,1.533095644049486062e+01
2.372412598974401732e+01,1.299673735119424123e+02,-1.976175625968580789e+02
9.759612493732167593e+01,3.373755715024622077e+02,-5.378051200124587012e+02
-5.129806581672022503e+01,-3.101719432128207927e+02,4.587095106459985914e+02
-8.188496710069751217e+00,2.011079979992398126e-01,2.305106951300971474e+01
-4.765206987666999794e+01,-2.298962402631275381e+02,3.280155041264456486e+02
1.554758758521801898e+00,5.600787259952641506e+01,-1.049567492669626319e+02
-2.251233358401816176e+01,-1.178849902367634002e+02,1.771794927328430447e+02
4.724523457374871782e+01,2.292089544840207225e+02,-3.532198593033488692e+02
-4.490673457862347817e+01,-2.228136818916696598e+02,3.595001739020362947e+02
7.541642988923472046e+01,2.790915322925770852e+02,-4.118546450864577650e+02
5.361188654510403495e+00,3.628769063584675791e+01,-4.296585739893114919e+01
1.124986213074535435e+01,1.142868273480614789e+02,-1.882241640805341376e+02
5.401361601772770626e+01,2.217612703669566088e+02,-3.421065188521438358e+02
-4.219554462302266273e+01,-2.852317458921414755e+02,4.368478342825258096e+02
-6.308424623594842018e+01,-2.817869578212471424e+02,4.394084727764235367e+02
-1.804295943084217768e+01,-1.536101779419722213e+01,2.791425932154997369e+01
2.879687865007349856e+01,1.564663134085584488e+02,-2.481709216304289214e+02
-2.386971486659215458e+01,-1.425196638423047375e+02,2.222761530619304153e+02
1.380200810103640130e+01,7.475143611950149136e+01,-1.057553394555978770e+02
-5.683981644403050204e+00,-4.314562772721085571e-01,1.473600621073891759e+01
2.372209688421620655e+01,1.287728428294747687e+02,-1.964102384842617539e+02
9.757672489618597922e+01,3.385845970811509460e+02,-5.396771832676967051e+02
-5.194283516850387628e+01,-3.096872654144419812e+02,4.584580567877952149e+02
-7.232707884568897683e+00,-3.271518530484103682e+00,2.653135006508950866e+01
-4.791548737959944759e+01,-2.313693614922948996e+02,3.310102900321403467e+02
1.014313923376940707e+00,5.384285250841833204e+01,-1.013104370027731278e+02
-2.489805669945479139e+01,-1.190550101106564966e+02,1.800006568343073354e+02
4.769900315757066522e+01,2.318913928899756627e+02,-3.540838229281540634e+02
-4.511056230482068941e+01,-2.235596955286816012e+02,3.603091564684666537e+02
7.614227602067626322e+01,2.791578027728391476e+02,-4.145441627466257728e+02
4.665251070568637637e+00,3.431602732199203132e+01,-3.959762365087844671e+01
1.033213386585682159e+01,1.123465476804617396e+02,-1.841311884649862520e+02
5.454459137466566432e+01,2.269856408269067742e+02,-3.442531998893086325e+02
-4.180890790868981099e+01,-2.818350804389302198e+02,4.336181179700792541e+02
-6.303131067517893626e+01,-2.800657097815027896e+02,4.361384100378497237e+02
-1.811439769077238537e+01,-1.438495807628067524e+01,2.597257109502748307e+01
2.954917063488692719e+01,1.567774135453282724e+02,-2.502450375676009173e+02
-2.420680009225087659e+01,-1.444555551644981790e+02,2.250077237968875181e+02
1.380964218293268964e+01,7.546801123584107529e+01,-1.069593631251965888e+02
-5.850204821881778372e+00,-4.674324418766225286e-01,1.413892740657561831e+01
2.353563311906684774e+01,1.277620167996562373e+02,-1.951107253482496162e+02
9.799186711994522625e+01,3.400785727864552541e+02,-5.412895103500658252e+02
-5.257765688818972905e+01,-3.091645913730376947e+02,4.582336509831336571e+02
-6.766935225601129922e+00,-6.476773366161256540e+00,3.008786346898958186e+01
-4.818686020205903731e+01,-2.328653670383627059e+02,3.339888852334084959e+02
-5.730995858999645698e-01,5.275895628250482616e+01,-9.713499761635728191e+01
-2.621036755737413770e+01,-1.202103515912494203e+02,1.829547233860823212e+02
4.853374823923982007e+01,2.331420531611910860e+02,-3.558381638769661777e+02
-4.532270978250794258e+01,-2.243017380580347435e+02,3.611197839437829771e+02
7.619896725163877704e+01,2.811773814714081254e+02,-4.160581479811724535e+02
4.200131019542287625e+00,3.197117380245845908e+01,-3.643798452976607649e+01
9.114758691011804359e+00,1.119305305130900337e+02,-1.791030891444210340e+02
5.554682767395792808e+01,2.301061796273175446e+02,-3.477151128356543381e+02
-4.125230381170815264e+01,-2.793647091724602092e+02,4.297887551026450410e+02
-6.300985537821247817e+01,-2.784129414071342126e+02,4.328200709820324050e+02
-1.817037581082433917e+01,-1.340674445301396567e+01,2.403344109836805842e+01
3.008691354090513315e+01,1.577849059821224387e+02,-2.519013002604500002e+02
-2.453833820836609902e+01,-1.463775599359687476e+02,2.277486166671740193e+02
1.436056720386894980e+01,7.548956310065571529e+01,-1.085237893924364840e+02
-6.017969934179833835e+00,-5.058175339606869603e-01,1.353993345238718504e+01
2.348071057222735192e+01,1.266517259476343753e+02,-1.938565862780423856e+02
9.750825717561605188e+01,3.413400315148384720e+02,-5.432168067881973457e+02
-5.323167432709508518e+01,-3.086652737835325411e+02,4.579910012151376577e+02
-7.205074842024401072e+00,-9.190835392737632503e+00,3.384445385495296676e+01
-4.845677958427501864e+01,-2.343891266398809705e+02,3.369493069540340002e+02
-2.045632474754112806e+00,5.176760389462929624e+01,-9.288343603363469470e+01
-2.773745480752688763e+01,-1.199916141936289620e+02,1.867702894778083476e+02
4.933233392519134952e+01,2.345731466492803179e+02,-3.574772383765759969e+02
-4.553681175776355872e+01,-2.250426802567409084e+02,3.619309815943454396e+02
7.646203889840774082e+01,2.825587209769045671e+02,-4.179593901123316186e+02
3.671687432602575019e+00,2.975134771775670472e+01,-3.320706214937432321e+01
8.435700253112576874e+00,1.094710201388694060e+02,-1.753124108832943762e+02
5.734574572056457953e+01,2.296513981032144613e+02,-3.534158341493416629e+02
-4.073388898326470553e+01,-2.766757137816393879e+02,4.261001794858612470e+02
-6.287970660603239992e+01,-2.766279351743296502e+02,4.296032040369530023e+02
-1.798468404790212460e+01,-1.240104844173799492e+01,2.213711682531171832e+01
3.063130236648137128e+01,1.589588664878816928e+02,-2.534477852462123622e+02
-2.491237166712526374e+01,-1.483674012996962404e+02,2.304395060070555701e+02
1.425983082676013325e+01,7.638650867388363963e+01,-1.096295903486270902e+02
-6.187405200234706193e+00,-5.469917300945409400e-01,1.293877814708314133e+01
2.351207531941518525e+01,1.254198968228242990e+02,-1.926690634642783948e+02
9.761885774532345295e+01,3.434188424462863622e+02,-5.445237495311249631e+02
-5.388204879772455058e+01,-3.081813815553459222e+02,4.577379379678889677e+02
-7.842731865629499310e+00,-1.178659101002569543e+01,3.765634894825603141e+01
-4.872882333656728093e+01,-2.359402160143952472e+02,3.398914322245357198e+02
-4.445345189749728476e+00,5.248498237871800143e+01,-8.767918384752030647e+01
-2.881403434999398172e+01,-1.215542442924238742e+02,1.894883232419132071e+02
5.051141820218975909e+01,2.342830325286787740e+02,-3.601976798191411717e+02
-4.575605398970397175e+01,-2.257809185923671293e+02,3.627433987347977222e+02
7.705573282202271912e+01,2.829648811911108623e+02,-4.204473889645851727e+02
3.148401574580862228e+00,2.753261733285717483e+01,-2.997563829867148399e+01
7.963613291945754291e+00,1.059582230150832771e+02,-1.721706877422707294e+02
5.842554160610123404e+01,2.333134368731624591e+02,-3.564992367365601922e+02
-4.002328223651155525e+01,-2.748457853481274924e+02,4.218617264631619150e+02
-6.281317608278692433e+01,-2.749230004642929543e+02,4.263260578704618524e+02
-1.774140822611617097e+01,-1.147435976895863163e+01,2.019694718583538418e+01
3.113714486887037225e+01,1.603099282295244450e+02,-2.548847410960595710e+02
-2.526981786068289892e+01,-1.500503299660338143e+02,2.333338893920154078e+02
1.459816781204281178e+01,7.668596549318826305e+01,-1.110493312538810500e+02
-6.362492372140906127e+00,-5.882969422074114663e-01,1.233668604896068821e+01
2.338529022695655968e+01,1.244170753874741990e+02,-1.913554784295706099e+02
9.732812794557341363e+01,3.451523378148176562e+02,-5.461197201519490818e+02
-5.449071092639922398e+01,-3.076610966071591520e+02,4.575144623717666263e+02
-8.653349237535564953e+00,-1.429268270795991036e+01,4.150704099509426470e+01
-4.900855219609019287e+01,-2.375169156855261576e+02,3.428157487562206711e+02
-2.474963862081126287e+00,4.686636885475002856e+01,-8.586444429709546000e+01
-2.960769983652610193e+01,-1.228930423744015457e+02,1.923831289881343309e+02
5.083962831024949480e+01,2.370086810358797607e+02,-3.610535180283561658e+02
-4.598118861486695863e+01,-2.265159682519507101e+02,3.635572584414985613e+02
7.735180816985179320e+01,2.842770439886959934e+02,-4.223890508792042056e+02
2.576464240385774485e+00,2.534553021914669557e+01,-2.673132729005812536e+01
7.816836610726074497e+00,1.022910290225759269e+02,-1.690753348201491235e+02
5.868473720784723469e+01,2.380860002586804285e+02,-3.589816821350273699e+02
-3.949897610375280976e+01,-2.721228426176754169e+02,4.181948343760660691e+02
-6.276020161377231688e+01,-2.732189783975624664e+02,4.230467431292084370e+02
-1.749958640468539173e+01,-1.056526989564778951e+01,1.824487608534831651e+01
3.126563686578882084e+01,1.614846987569784176e+02,-2.564995086613689637e+02
-2.783994128224828302e+01,-1.525450962971389117e+02,2.350155344340175532e+02
1.489429461563668156e+01,7.703088113591310560e+01,-1.124465602870685927e+02
-6.544035536831831479e+00,-6.294981055450551422e-01,1.173372501403263257e+01
2.341768527503418440e+01,1.232023153084318068e+02,-1.901564320511421897e+02
9.925841227709145187e+01,3.466160467661812845e+02,-5.474571624083612278e+02
-5.510093019264792957e+01,-3.071484882234540237e+02,4.572859851517061998e+02
-9.389723976025706520e+00,-1.683634344928803017e+01,4.534539057438865939e+01
-4.928843533276469202e+01,-2.391214047957111575e+02,3.457218037002618303e+02
-4.351023906572507371e+00,4.693910344864899997e+01,-8.099273197271101310e+01
-3.025010887083381306e+01,-1.221929852760787298e+02,1.966112185580184359e+02
5.210266736035342205e+01,2.366921476109001219e+02,-3.637737070373120787e+02
-4.621227922750603057e+01,-2.272476585647503668e+02,3.643726645245121745e+02
7.775157289325086651e+01,2.851483289025188697e+02,-4.246048781648476051e+02
2.057488368769354370e+00,2.297648826512917708e+01,-2.359822565899615654e+01
6.774191200134469071e+00,1.019942501706960769e+02,-1.639503459431764441e+02
5.988932262552155095e+01,2.382999245872725851e+02,-3.643439634692267646e+02
-3.912764414948635761e+01,-2.690491159194189663e+02,4.147439741216516609e+02
-6.269181334374723491e+01,-2.714549576322863800e+02,4.198085689001434844e+02
-1.726561238328049086e+01,-9.666793800552179405e+00,1.628468727496930413e+01
3.244916103945278962e+01,1.621221696257813107e+02,-2.582892012847875662e+02
-2.880047639219504418e+01,-1.535817318294319023e+02,2.361230306920675162e+02
1.474406848831653782e+01,7.807252256923396772e+01,-1.134678516750525716e+02
-6.729696415664312426e+00,-6.728399479198794442e-01,1.112876102022796765e+01
2.343989801442610599e+01,1.219750016001178778e+02,-1.889669746464811624e+02
9.802423667482405278e+01,3.487946647711551122e+02,-5.489527707478090406e+02
-5.572042792792750987e+01,-3.066679124906481206e+02,4.570350233269562636e+02
-1.024132885888419331e+01,-1.933307312000354727e+01,4.920115799983869209e+01
-4.957200532971687323e+01,-2.407513246853546605e+02,3.486107305521683202e+02
-7.011129236432849687e+00,4.831567207080016146e+01,-7.540597665213111611e+01
-3.083765066883285044e+01,-1.233849080748333051e+02,1.996243697234704939e+02
5.248402757402817542e+01,2.388937578320543480e+02,-3.649691258983460216e+02
-4.645053917821185507e+01,-2.279752584487184492e+02,3.651899413022948693e+02
7.788637876343979372e+01,2.870941046997606918e+02,-4.261551881968521798e+02
1.362447412314357953e+00,2.087066195246428180e+01,-2.031943916215425361e+01
6.608367729111997768e+00,9.807017126986642097e+01,-1.610208538233119384e+02
6.056186303153560146e+01,2.414364942987851350e+02,-3.678465885766832457e+02
-3.860364352287609790e+01,-2.665392473170793437e+02,4.109340363214080298e+02
-6.259627157153954613e+01,-2.696151442943157690e+02,4.166233056176463947e+02
-1.704027351144493707e+01,-8.776809919271684635e+00,1.431762860484198541e+01
3.325866655192351118e+01,1.633391609500870629e+02,-2.597623064283203007e+02
-2.985642122132858844e+01,-1.540203735116084545e+02,2.376119216549188593e+02
1.491049574217317542e+01,7.864401711356697433e+01,-1.147407206208423247e+02
-6.925907626764052694e+00,-7.135839012519323843e-01,1.052405089903709978e+01
2.340814442968568443e+01,1.208330627334223664e+02,-1.877297851516944149e+02
9.811665943823197722e+01,3.501443433850876090e+02,-5.507115641902611287e+02
-5.634298654033949560e+01,-3.062119824479161707e+02,4.567675346408407222e+02
-1.114378046779840581e+01,-2.183104833979039583e+01,5.305191578803141539e+01
-4.985678308422620830e+01,-2.424059329397651936e+02,3.514833238334855423e+02
-7.197982272172844809e+00,4.560347309814028449e+01,-7.206185518004490120e+01
-3.134046224036255168e+01,-1.249569761291816263e+02,2.024016020893015479e+02
5.306260467820796833e+01,2.406926983267875073e+02,-3.663968053559261193e+02
-4.669291051687611827e+01,-2.287000864744213118e+02,3.660086127750907394e+02
7.793725120980820975e+01,2.890553957084230206e+02,-4.277113741741213744e+02
9.447870718725990269e-01,1.838974334094242380e+01,-1.724794289305553363e+01
6.067797569041550432e+00,9.568588577834974274e+01,-1.571606393122206669e+02
5.923721150667869750e+01,2.478816507842755641e+02,-3.694908572145311609e+02
-3.812527993789399261e+01,-2.638887175381111660e+02,4.072132692151402011e+02
-6.257939005647449449e+01,-2.678739341587261720e+02,4.133621893346211209e+02
-1.682093536921756893e+01,-7.898073870209434411e+00,1.234231249409319453e+01
3.346441247467273428e+01,1.645275869540901681e+02,-2.613543093650998799e+02
-3.096372355397632248e+01,-1.545022864664620386e+02,2.390663196829801507e+02
1.532694004715147962e+01,7.880986650922142189e+01,-1.162333262674090832e+02
-7.130347541629163288e+00,-7.539241464032616635e-01,9.918488372686876886e+00
2.326321383364160411e+01,1.199175610688277942e+02,-1.863622892552535575e+02
9.993033427153787329e+01,3.507519310089732016e+02,-5.526044624861356169e+02
-5.696355128558484182e+01,-3.057733833206423242e+02,4.564893254863608831e+02
-1.166332953062562261e+01,-2.452852309429182043e+01,5.682568116097659328e+01
-5.008143503176574995e+01,-2.441115682100501374e+02,3.543285400164573957e+02
-9.181642785366562975e+00,4.607549058286752341e+01,-6.694731262271498906e+01
-3.173825891148384670e+01,-1.265888863001778049e+02,2.051526129297876082e+02
5.386567614657275271e+01,2.415603558763714602e+02,-3.684081447099236470e+02
-4.694217343911049767e+01,-2.294208295217540012e+02,3.668291862503918992e+02
7.806114466779018812e+01,2.906715631666079389e+02,-4.294851572066999665e+02
6.827600986663452387e-01,1.568286022304562266e+01,-1.430228435350199057e+01
5.770513548787488567e+00,9.247377149565244281e+01,-1.537922470688032206e+02
5.986877641575254927e+01,2.506645962539894015e+02,-3.732348053564608108e+02
-3.755587528022538635e+01,-2.614906365803236667e+02,4.033332727834267644e+02
-6.253482088904646474e+01,-2.660870420518870674e+02,4.101342003749205105e+02
-1.660665393786624122e+01,-7.030821714305037773e+00,1.035878413752190497e+01
3.336795686446663467e+01,1.658918491170155107e+02,-2.628808619752928735e+02
-3.132349170852556242e+01,-1.554567358869117584e+02,2.403026136918447833e+02
1.534240280248384458e+01,7.964812891865807387e+01,-1.173593877279475208e+02
-7.340727074720240886e+00,-7.960545442006990990e-01,9.310959325140943932e+00
2.305708756932603265e+01,1.191422685357810707e+02,-1.849130417921447247e+02
9.938854685692551527e+01,3.518132465232287132e+02,-5.546676799131685129e+02
-5.758004817298895972e+01,-3.053509237002397754e+02,4.562016747084925328e+02
-1.294981031987191855e+01,-2.703259704953716280e+01,6.062871590873766792e+01
-5.023736416960754525e+01,-2.458666908946165677e+02,3.571485235118198602e+02
-1.006642741674365915e+01,4.445880039227174052e+01,-6.300652947075491284e+01
-3.170695440218255357e+01,-1.266304115000611858e+02,2.089828058365487777e+02
5.481554306556834177e+01,2.422280158473391793e+02,-3.705256769138186996e+02
-4.719552156293418221e+01,-2.301385615672620872e+02,3.676513134783949113e+02
7.864646304558989698e+01,2.913650368757564024e+02,-4.317839190885791254e+02
-5.171447574240232992e-02,1.348053459590059333e+01,-1.109578239396365262e+01
5.334601452853067194e+00,8.969144616929820302e+01,-1.501699287400820708e+02
6.005129419876033126e+01,2.537065835101882669e+02,-3.768874048329355446e+02
-3.701065309400809156e+01,-2.590134920027725229e+02,3.995033320971685384e+02
-6.255698381473396807e+01,-2.644111455876501395e+02,4.068229612072551618e+02
-1.641741482334927937e+01,-6.151052926254405584e+00,8.379846395858969288e+00
3.394258989400813675e+01,1.672563345497329408e+02,-2.642957233458967039e+02
-3.246753808184566026e+01,-1.556542455050054912e+02,2.419408014625751377e+02
1.558893636504697788e+01,8.009546670856038020e+01,-1.186988545729357583e+02
-7.563844453855969263e+00,-8.348919007175730211e-01,8.703893948452703810e+00
2.315184837310640020e+01,1.178077474843200321e+02,-1.837820859435420573e+02
1.004657027134910550e+02,3.530324857970984453e+02,-5.563171776116640785e+02
-5.820097024304320144e+01,-3.049766875821563872e+02,4.558817813840840927e+02
-1.343312263981362520e+01,-2.981987010737497812e+01,6.434881069503714457e+01
-5.039621280531367375e+01,-2.476341057623880033e+02,3.599603618072270024e+02
-1.098103272508232031e+01,4.281555442329579364e+01,-5.908850935969665841e+01
-3.146693163275966398e+01,-1.272284362096023926e+02,2.124792873385052019e+02
5.599712527513324289e+01,2.429005766972015579e+02,-3.725958692294311732e+02
-4.745462864690073701e+01,-2.308521998308767706e+02,3.684754879532560494e+02
7.908454348397260958e+01,2.923392504411437471e+02,-4.339238195913045502e+02
-6.510497228756862320e+00,1.623660882942450812e+01,-5.379932877167113325e+00
5.001110622911036252e+00,8.671512601058761049e+01,-1.466555736228253863e+02
6.182265067399787739e+01,2.554741859673101487e+02,-3.811043014771831849e+02
-3.643566384518975099e+01,-2.566468137903256661e+02,3.956021248809672670e+02
-6.257592036730712692e+01,-2.627523008031324707e+02,4.034996056775686384e+02
-1.625536092164908908e+01,-5.260713113657409679e+00,6.404178721284116804e+00
3.398819512463618508e+01,1.690427295023565364e+02,-2.655202129790225740e+02
-3.289451426162194991e+01,-1.564550000605641458e+02,2.432707481027568406e+02
1.599874259452420233e+01,8.020712674695680278e+01,-1.202264503635512654e+02
-7.790964749765968200e+00,-8.778174224180094187e-01,8.093641553066548866e+00
2.302841766628989006e+01,1.169347895631209440e+02,-1.823840948342857473e+02
1.003162868962153027e+02,3.547239089712139730e+02,-5.579075195036776904e+02
-5.880892390445905704e+01,-3.046015763741762044e+02,4.555657166828833624e+02
-1.446015674329359157e+01,-3.243871478490032700e+01,6.810770232093362608e+01
-5.055805694802463535e+01,-2.494107902208569385e+02,3.627659486133118207e+02
-1.195265380451355419e+01,4.118246153986967784e+01,-5.517409818282170875e+01
-3.237338864755763979e+01,-1.299019684590298880e+02,2.144964911380373280e+02
5.669722891302511414e+01,2.442796965390863875e+02,-3.742815044638832660e+02
-4.771783672730035875e+01,-2.315623640256331441e+02,3.693015140523020250e+02
7.966877859160625519e+01,2.926288152764731194e+02,-4.364896993530491045e+02
-8.203609457701830365e+00,1.456179284607065583e+01,-1.911533428100106180e+00
4.233356209086332811e+00,8.453665945727404107e+01,-1.426998535468325997e+02
6.238917812527953544e+01,2.575956800427655367e+02,-3.853103809064034522e+02
-3.587324914898820083e+01,-2.542696446222107625e+02,3.917066437816121152e+02
-6.260757543217651744e+01,-2.611499889894748776e+02,4.001350393981818456e+02
-1.613578864208747632e+01,-4.346192119267456633e+00,4.438525323921693300e+00
3.413780752491422987e+01,1.700584150814127895e+02,-2.672339411158789062e+02
-3.330783282333462836e+01,-1.572305997718695494e+02,2.446193382979891453e+02
1.594814490929714346e+01,8.123771040025069112e+01,-1.212404266966371722e+02
-8.031434001189735383e+00,-9.177334323201543631e-01,7.483608252194882127e+00
2.300293906167048164e+01,1.158800059766692954e+02,-1.810894207178174611e+02
1.010904239182390540e+02,3.555739407279825173e+02,-5.598481448586472879e+02
-5.941660230911103469e+01,-3.042734021817310577e+02,4.552194769913248820e+02
-1.356182617485683295e+01,-3.557460161127864495e+01,7.177357083029866658e+01
-5.072629215993784868e+01,-2.511936481924185784e+02,3.655668040709689421e+02
-1.300796479811704920e+01,3.984272547834493849e+01,-5.108426303025600390e+01
-3.216012494458613702e+01,-1.305508078518995774e+02,2.179586969722149945e+02
5.774076315012820970e+01,2.453934847285144656e+02,-3.760801372058381276e+02
-4.798656233009081262e+01,-2.322681907749237382e+02,3.701297740784525558e+02
7.980411224042119045e+01,2.943162185514721614e+02,-4.382165008787482634e+02
-9.293434110423632433e+00,1.256994845014338402e+01,1.427202764437428106e+00
3.803612329616201659e+00,8.165080173552081533e+01,-1.391427045718645843e+02
6.280644462476829659e+01,2.587613318847076016e+02,-3.901877502387403069e+02
-3.531276476655892083e+01,-2.519358947076154607e+02,3.877822738202173127e+02
-6.262952834219884579e+01,-2.595842717282745298e+02,3.967447042441855274e+02
-1.609489691677568501e+01,-3.362998968004843992e+00,2.506266401541529909e+00
3.311797787927489622e+01,1.720232720078256818e+02,-2.685124910768734026e+02
-3.361002321001208770e+01,-1.581049860669066049e+02,2.459166671159422890e+02
1.614626522919937912e+01,8.177257202705688144e+01,-1.225316304393977020e+02
-8.272932576861521170e+00,-9.649337605160271947e-01,6.868712649110609192e+00
2.289506725345589189e+01,1.150533522220593312e+02,-1.796592918972922348e+02
1.001255743058381427e+02,3.574507073155258468e+02,-5.614783066739360038e+02
-6.000143797744141239e+01,-3.039119208487537662e+02,4.549013344732202881e+02
-1.193980532227568858e+01,-3.968215826015812553e+01,7.490533517365010141e+01
-5.090088992338759510e+01,-2.529810983485468228e+02,3.683638393454571656e+02
-1.408273879427880004e+01,3.870944445811433354e+01,-4.686490073310000071e+01
-3.229281844477844743e+01,-1.320144572966714804e+02,2.208520983061608263e+02
5.828076330171184338e+01,2.468047265678983138e+02,-3.777729810508608921e+02
-4.825928647282241002e+01,-2.329702132026354491e+02,3.709601115306141992e+02
8.022032715225655863e+01,2.957022220366804390e+02,-4.400851026194600877e+02
-1.023966465413003135e+01,1.045238746815073050e+01,4.702878555521899706e+00
3.878077242347490738e+00,7.810531522774451219e+01,-1.359299132367847278e+02
6.282864769681842176e+01,2.602199187704516703e+02,-3.949379215331084083e+02
-3.475829670134212535e+01,-2.496039831646542950e+02,3.838567816877719565e+02
-6.261263285628403708e+01,-2.580164991977240447e+02,3.933579867802425838e+02
-1.608678154950039030e+01,-2.357101821620197324e+00,5.834380477225896700e-01
3.346028205463618121e+01,1.738653813982033682e+02,-2.696487975447564054e+02
-3.370072002963020452e+01,-1.591498232257760890e+02,2.471272932463326129e+02
1.652486237141605585e+01,8.188534953889019619e+01,-1.240629576713471636e+02
-8.526111625433138386e+00,-1.011333112263207878e+00,6.252833341175072945e+00
2.309849492728779907e+01,1.134747391474384131e+02,-1.786691671749429418e+02
1.012365559375532484e+02,3.581033628829160307e+02,-5.634791001667082355e+02
-6.056630525591824465e+01,-3.035150586893343529e+02,4.546129560758535604e+02
-1.221064717365439201e+01,-4.467558800381721795e+01,7.724827108505726869e+01
-5.108756299146585178e+01,-2.547715919554866559e+02,3.711571976089106784e+02
-1.517815095043973272e+01,3.773776035578364940e+01,-4.254343062845461532e+01
-3.172902115593191397e+01,-1.328854038287362300e+02,2.242127224486646639e+02
5.874406971961499835e+01,2.482518160300739964e+02,-3.794554195698868853e+02
-4.853683627946542600e+01,-2.336678391424721042e+02,3.717928056874620779e+02
8.003778589476956995e+01,2.978805234125928223e+02,-4.415474532245069668e+02
-1.129896042392071287e+01,8.216662192214203131e+00,7.892700160971876322e+00
3.326565259204618652e+00,7.539770196163860305e+01,-1.322798687839590173e+02
6.316755647421227593e+01,2.623626724027076307e+02,-3.991652563737970354e+02
-3.420332937872171897e+01,-2.472527137556600678e+02,3.799448895294081012e+02
-6.253130828510927586e+01,-2.563879824028433632e+02,3.900186719245602376e+02
-1.615935968225119979e+01,-1.230281028061915860e+00,-1.275476327759598405e+00
3.425391576487212575e+01,1.752207231933753917e+02,-2.710315960485083338e+02
-3.380874307155757208e+01,-1.601758374132273559e+02,2.483484139870092520e+02
1.683441632471603455e+01,8.207709235142137061e+01,-1.255544996250068550e+02
-8.784477818115817627e+00,-1.062613161285575591e+00,5.633129889813043967e+00
2.296315249871127406e+01,1.128456783555911329e+02,-1.771155608443022800e+02
1.014688083572071520e+02,3.595260028767722247e+02,-5.651644276326409226e+02
-6.102936614975668306e+01,-3.032329508746552733e+02,4.542511586538041684e+02
-1.237733309461667375e+01,-4.874102173008873962e+01,8.018003272229482548e+01
-5.129358322345707677e+01,-2.565650045998649489e+02,3.739458355709244302e+02
-1.632423710080138690e+01,3.697077799890408301e+01,-3.809099457606885863e+01
-3.157546719210271036e+01,-1.342865541229577389e+02,2.271814197649199514e+02
5.866918090239892791e+01,2.499850455541288738e+02,-3.810447986574771448e+02
-4.881734695692257020e+01,-2.343617264406532570e+02,3.726276637023698868e+02
8.097845955010069474e+01,2.978657559008590283e+02,-4.442446525431915916e+02
-1.243918031346683684e+01,5.753244785165781749e+00,1.093603936336106841e+01
2.827130900149490422e+00,7.256394562824324623e+01,-1.287030189196877359e+02
6.437514000467456299e+01,2.665307862695222525e+02,-4.018756611256297333e+02
-3.364182480932365138e+01,-2.448615649798960305e+02,3.760605044237730112e+02
-6.238570952813148551e+01,-2.546756070448370224e+02,3.867443794629704144e+02
-1.619510452338558437e+01,-6.780979836355735535e-02,-3.114228282708658924e+00
3.366387148315332212e+01,1.768532058058413270e+02,-2.724542077487332108e+02
-3.346086740531869452e+01,-1.614888733287414198e+02,2.494348641812458709e+02
1.733332500212728533e+01,8.342385945910180567e+01,-1.300341768683404950e+02
-9.044420626593625556e+00,-1.122172812107265827e+00,5.007873134938206405e+00
2.290295684572555857e+01,1.120809517539448592e+02,-1.756381876184223927e+02
1.019245421233808031e+02,3.610607180620552299e+02,-5.667354602234350978e+02
-6.138875697792952479e+01,-3.031204411865294901e+02,4.537721461425562666e+02
-1.486585569967619591e+01,-5.298813472037372918e+01,8.272149187517648272e+01
-5.153920766937949338e+01,-2.583536197625719524e+02,3.767320207058557457e+02
-1.825435304400716774e+01,3.599194362725059193e+01,-3.385620580808591029e+01
-3.189162194804064043e+01,-1.359727435842775378e+02,2.299094774077740055e+02
5.863337104940681854e+01,2.515936525305871214e+02,-3.827101907467087472e+02
-4.910246724881742608e+01,-2.350508870478892050e+02,3.734651173829656159e+02
8.131357854647225736e+01,2.991751800718863024e+02,-4.461825943216905443e+02
-1.336465418035106723e+01,2.934285350730926556e+00,1.378913457945945531e+01
1.916026540557616453e+00,7.005249080760557945e+01,-1.249835955181205094e+02
6.302826467884587913e+01,2.728470129113781582e+02,-4.035945180164364956e+02
-3.307241692332510752e+01,-2.424980267316564948e+02,3.721582098259614781e+02
-6.219774335875771243e+01,-2.528971122319845506e+02,3.835220301459257257e+02
-1.287674534818467009e+01,-2.314168596155043556e+00,-6.735258902961433591e+00
3.380810411659211212e+01,1.773234612594613964e+02,-2.745276182964403802e+02
-3.404251462013440488e+01,-1.622227391725504333e+02,2.507922081938589258e+02
1.749087830026429202e+01,8.486946571488496716e+01,-1.347139467176088488e+02
-9.309653887937775707e+00,-1.187625797438772279e+00,4.378145342139022844e+00
2.310663263484205743e+01,1.103961950633590732e+02,-1.747152927304977368e+02
1.022754159806816148e+02,3.633828388136016088e+02,-5.678244045038178456e+02
-6.177706921069771084e+01,-3.029326490859095315e+02,4.533434615377769887e+02
-1.563477601246177962e+01,-5.529298862430310635e+01,8.671328421466964187e+01
-5.187295862234971366e+01,-2.600700118299222368e+02,3.795544355855049048e+02
-1.947270272577064532e+01,3.414501709856794776e+01,-3.010680769627674636e+01
-3.117999011657291319e+01,-1.372131942758184948e+02,2.330495413469819539e+02
5.896711263903873856e+01,2.529446816636203437e+02,-3.844799085410647876e+02
-4.939057070984481612e+01,-2.357358284463375355e+02,3.743050419185983628e+02
8.153406888906100392e+01,3.012618310665698118e+02,-4.476242371727677209e+02
-2.488058154248091736e+00,-9.404958684092903809e+00,1.198283150174688849e+01
1.568426751036504196e+00,6.692907818920681962e+01,-1.215689601368553809e+02
6.337813881250546189e+01,2.752784335077832338e+02,-4.076129822075774882e+02
-3.249778860262745894e+01,-2.400904163114241783e+02,3.682853546043075426e+02
-6.199331915150725791e+01,-2.510858644090728831e+02,3.803262384988040026e+02
-1.287504719730989855e+01,-1.325397539435465344e+00,-8.672336038840340322e+00
3.376436445724832680e+01,1.781994590934544078e+02,-2.763619224082063397e+02
-3.406389488425183032e+01,-1.633138796247955327e+02,2.519813111637685665e+02
1.721604214173805047e+01,8.790866884429014760e+01,-1.384501617954608150e+02
-9.566687565370939339e+00,-1.270320612599281418e+00,3.738344957029130278e+00
2.314961831513085144e+01,1.091816779588383781e+02,-1.735123229424212354e+02
1.034862224395213985e+02,3.649349002747828195e+02,-5.692346759646428609e+02
-6.218190955755503779e+01,-3.027006326927931923e+02,4.529452167937092213e+02
-1.665882626354647300e+01,-5.643230957455468655e+01,9.142570931423260561e+01
-5.222743204032411768e+01,-2.617971364339091451e+02,3.823702323883535428e+02
-2.154992383179356352e+01,2.927575654993309939e+01,-2.842332189346070237e+01
-3.071465161953962308e+01,-1.387071068824670590e+02,2.359962986284575379e+02
5.880113168982195759e+01,2.547605759657130591e+02,-3.860285330018832610e+02
-4.968199308943068360e+01,-2.364161445675985362e+02,3.751476569918997370e+02
8.177322155552903382e+01,3.021647649541680494e+02,-4.498543750620627861e+02
-3.693091682980741641e+00,-1.151100093968411109e+01,1.523404624481400127e+01
6.359315005899739415e-01,6.423291170595186372e+01,-1.179707471218338100e+02
6.390142421608769041e+01,2.776558973187027846e+02,-4.116375553115167349e+02
-3.192229434464401550e+01,-2.376431971270498593e+02,3.644381419729028835e+02
-6.179008399395205942e+01,-2.492667064493553255e+02,3.771376109617289671e+02
-1.290552509689086946e+01,-3.807492699610892650e-01,-1.063613001255291302e+01
3.371904560650635574e+01,1.793932051942620944e+02,-2.779868103071524388e+02
-3.405992411687207522e+01,-1.644157568508906593e+02,2.531665226253136893e+02
1.669112033755117963e+01,9.206451242613735531e+01,-1.415136409076894211e+02
-9.833564003418917565e+00,-1.356679779291888321e+00,3.094974770116036833e+00
2.308584116099284955e+01,1.085134654305250450e+02,-1.719740008290513913e+02
1.039586042255295411e+02,3.662214878361534716e+02,-5.709577412569017270e+02
-6.228607946964973507e+01,-3.025049096656202892e+02,4.525607728348667820e+02
-1.979523448540940223e+01,-5.947686673077922137e+01,9.464686179173570224e+01
-5.247818384211605292e+01,-2.635387209792522754e+02,3.851901236097278911e+02
-2.338163770769790872e+01,2.354770678830132624e+01,-2.726100633109838967e+01
-3.138317122181886276e+01,-1.404751207160344393e+02,2.386307142172522049e+02
5.907545148695172799e+01,2.560858448250348829e+02,-3.878260935178832369e+02
-4.997641000675807987e+01,-2.370917133557105103e+02,3.759930815327555820e+02
8.153903043260524441e+01,3.048083217206586255e+02,-4.510127052780715076e+02
-4.501814522720703593e+00,-1.356763254858763368e+01,1.855078218782152888e+01
-5.719410727420958240e-01,6.157349680212897880e+01,-1.143874445947825365e+02
6.452645250318678904e+01,2.799999052782960689e+02,-4.156683027097458876e+02
-3.134441591025325380e+01,-2.351712509704213403e+02,3.606069395152990182e+02
-6.159977031735621011e+01,-2.474461221355558962e+02,3.739496059744162721e+02
-1.287871789529628508e+01,4.855548066016840414e-01,-1.264096063156282845e+01
3.321265737741678947e+01,1.805961320772711929e+02,-2.796788015538573404e+02
-3.388106207032545569e+01,-1.656067357009844443e+02,2.543140012722051324e+02
1.736742523940513294e+01,8.902477640169952622e+01,-1.489927018386779878e+02
-1.005876757831378043e+01,-1.488107463787551765e+00,2.427872291393702753e+00
2.306898220297385649e+01,1.076993554119405445e+02,-1.705230367021148368e+02
1.039489428678772782e+02,3.678452137673458537e+02,-5.725585824310418275e+02
-6.236374345939643149e+01,-3.023184606917115502e+02,4.521737081061304480e+02
-2.203930446896480788e+01,-6.125293990205893380e+01,9.878683270955365003e+01
-5.267846260157043048e+01,-2.652933575911829962e+02,3.880067501686634728e+02
-2.482359824837380913e+01,1.666014407639227457e+01,-2.678894940708412520e+01
-2.946079604705037625e+01,-1.420445092416527757e+02,2.417009782086221037e+02
5.915625691484301996e+01,2.577058036292094698e+02,-3.894608236886778627e+02
-5.027378651225497919e+01,-2.377622762575306865e+02,3.768414859090680125e+02
8.217956471238568383e+01,3.054843458858395024e+02,-4.533148046549959531e+02
-5.426496052516034396e+00,-1.560488371833215737e+01,2.186422791992287884e+01
-3.827185942692675980e+00,6.124729669340704419e+01,-1.096054837738371219e+02
6.509546916680191941e+01,2.815666601219148788e+02,-4.202359288534736379e+02
-3.076556070500395634e+01,-2.326695576686485083e+02,3.567948840436704927e+02
-6.142424343173344425e+01,-2.456323996763525486e+02,3.707558631317702407e+02
-1.268241072004589221e+01,1.204887967036575303e+00,-1.471782815519595466e+01
3.323400115940371080e+01,1.831634747558785818e+02,-2.803829537725619048e+02
-3.399650244127847287e+01,-1.666516546236586862e+02,2.555229576836879346e+02
1.767172291714226162e+01,9.093112803125355015e+01,-1.533705730632651978e+02
-1.028825879079726136e+01,-1.629223867246171409e+00,1.754093653616531245e+00
2.296222895650180007e+01,1.072326991264364295e+02,-1.688631480599472070e+02
1.035894352802731220e+02,3.686565101234310191e+02,-5.747469716549088616e+02
-6.243795386408055492e+01,-3.021352968659639373e+02,4.517852095452057029e+02
-2.303737256372869524e+01,-6.121124158172894170e+01,1.042461314991814874e+02
-5.286577345507482306e+01,-2.670606265898499032e+02,3.908156821657812543e+02
-2.550535149008439362e+01,8.503473209731721383e+00,-2.702708665141910060e+01
-2.567261181233544676e+01,-1.452356801590718192e+02,2.439261747248145866e+02
5.931014935884862638e+01,2.593743795446918625e+02,-3.910497038447483646e+02
-5.057366274860054745e+01,-2.384277351319575473e+02,3.776929906683170088e+02
8.209518407862654499e+01,3.078076377830524279e+02,-4.546558801348887755e+02
-6.292888942755174853e+00,-1.769675382243664430e+01,2.514581363106658785e+01
-5.197246216836131083e+00,5.902186344283822450e+01,-1.057620263919738335e+02
6.565235843474397370e+01,2.844423099790008678e+02,-4.239209596493967069e+02
-3.018704682592349542e+01,-2.301256584948804687e+02,3.530099539647210918e+02
-6.126702714409839245e+01,-2.438195006608260655e+02,3.675594976068693427e+02
-1.237983803404016214e+01,1.830959631871879711e+00,-1.684107719013267257e+01
3.408739241297455180e+01,1.894988766012121459e+02,-2.777790013984704274e+02
-3.445976195708045964e+01,-1.675475635501362035e+02,2.567884907934268313e+02
1.808876643433832143e+01,9.339712991750521098e+01,-1.573702139315471129e+02
-1.046580555551260794e+01,-1.824805653866433230e+00,1.051919348271791010e+00
2.314476479222498284e+01,1.058838621607016819e+02,-1.677258756417197958e+02
1.049322393934791648e+02,3.702179687101867671e+02,-5.761255546443668436e+02
-6.250783373322039438e+01,-3.019587608741163649e+02,4.513930547410010945e+02
-2.363148248797993745e+01,-6.434682198415991650e+01,1.077224865768043855e+02
-5.305816601158738166e+01,-2.688413765816055161e+02,3.936142480596721498e+02
-2.644119167232602052e+01,2.529906855001945232e+00,-2.589180174555119862e+01
-2.574990618676214282e+01,-1.470370166609007470e+02,2.466108709863278534e+02
5.965474911322468188e+01,2.609031911053511408e+02,-3.926963414711535165e+02
-5.087585772707974741e+01,-2.390878612858964232e+02,3.785477651887130719e+02
8.169267011322264693e+01,3.094161415552359244e+02,-4.565409220406865529e+02
-7.109019844888521789e+00,-1.985410359486701282e+01,2.838951983235361709e+01
-7.087915333932740758e+00,5.761913697961025349e+01,-1.014712335590484429e+02
6.612363976371386798e+01,2.870397006735412901e+02,-4.263841804757976206e+02
-2.961158090173863044e+01,-2.274695149595566193e+02,3.492976845947089259e+02
-6.112417020584809535e+01,-2.420116305802322074e+02,3.643579320808637476e+02
-1.214713017835655684e+01,2.490849190860007667e+00,-1.895224579892940397e+01
3.314339787676272664e+01,1.880516734781863306e+02,-2.759490015792470672e+02
-3.448205751335436275e+01,-1.686601193242811689e+02,2.579642817123984742e+02
1.857067449448766894e+01,9.604532599061681708e+01,-1.612389823694221320e+02
-1.062414101750508877e+01,-2.050116778915260785e+00,3.332178091341310155e-01
2.301159029944227186e+01,1.061304054826967871e+02,-1.656066314438077143e+02
1.043232363014585360e+02,3.718726555731270196e+02,-5.778209165250807473e+02
-6.257286269447158134e+01,-3.017870230077236897e+02,4.509985413499454125e+02
-2.491886914604762637e+01,-6.565602882574386001e+01,1.122807356400107324e+02
-5.326387080483713987e+01,-2.706367159134952658e+02,3.964008108225601177e+02
-2.691810737218701277e+01,-2.550964342797118256e+00,-2.412479630567092670e+01
-2.548749539880622805e+01,-1.491376056028119308e+02,2.491387895003239237e+02
6.009095834396513425e+01,2.624073249665860885e+02,-3.943382899221916773e+02
-5.117986280650395514e+01,-2.397425272642179834e+02,3.794059553616638709e+02
8.227830963721693536e+01,3.109530556173845071e+02,-4.582762319108481393e+02
-7.884855668158340158e+00,-2.206736827899441167e+01,3.160153826532055632e+01
-7.609448661762508337e+00,5.375015518695799699e+01,-9.855304360289882482e+01
6.566806861126823947e+01,2.842881663057333981e+02,-4.243997058921459598e+02
-2.909321434882851065e+01,-2.240633567137964803e+02,3.460695820837160568e+02
-6.099460906703166074e+01,-2.402047273019065585e+02,3.611538078062267800e+02
-1.190297009836017850e+01,3.134304821922966777e+00,-2.107274774852180244e+01
3.299750724656583145e+01,1.808654400655371433e+02,-2.777555327030216290e+02
-3.447041682954679942e+01,-1.697917447784608385e+02,2.591317026184484575e+02
1.794229429323089064e+01,1.013618464645620918e+02,-1.635675476157767321e+02
-1.073976518367192057e+01,-2.321864951669636579e+00,-4.098304500638918491e-01
2.352168952261860468e+01,1.049718813840355409e+02,-1.642863699194009541e+02
1.050866396313586932e+02,3.706347867257783832e+02,-5.777787212677426396e+02
-6.263275671907733511e+01,-3.016210824501816319e+02,4.506010028804583953e+02
-2.684640286965398914e+01,-6.937403892001961481e+01,1.152124364626022839e+02
-5.349076405922069455e+01,-2.724466800943218914e+02,3.991745340573912131e+02
-2.817741300354519396e+01,-5.157322171949526357e+00,-2.084960538896834592e+01
-2.596452956737226003e+01,-1.507382142724117671e+02,2.519059623164954758e+02
6.059048934119338270e+01,2.637265937974236181e+02,-3.960925920839252967e+02
-5.148558729717161242e+01,-2.403914408560378888e+02,3.802677596473720314e+02
8.351604484808437689e+01,3.115418368528309543e+02,-4.605182512316686143e+02
-8.631786805555051956e+00,-2.432752072421689249e+01,3.478686514952577369e+01
-1.008376757085291864e+01,5.336631381842360611e+01,-9.369594150736649851e+01
6.514534365215938294e+01,2.829363962576106815e+02,-4.214848963038987222e+02
-2.878840928508725838e+01,-2.204698107822879649e+02,3.429353086992083490e+02
-6.087640702507120949e+01,-2.383954664272290529e+02,3.579494703264469990e+02
-1.177813760245783392e+01,3.904160132383374116e+00,-2.312611873045781152e+01
3.286124603777528108e+01,1.795747303268989299e+02,-2.756842886260180876e+02
-3.456488048044620598e+01,-1.708871814444791539e+02,2.603104064178800172e+02
1.962167513960067922e+01,1.013876508970376165e+02,-1.689219689945450966e+02
-1.110549803494897958e+01,-2.126651367300654627e+00,-8.861767058359972804e-01
2.402315448860355929e+01,1.039358945155897658e+02,-1.628889554103662363e+02
1.039661233168517782e+02,3.694884971848382520e+02,-5.743521125422502109e+02
-6.268736229809289995e+01,-3.014610354468630931e+02,4.502003800310034194e+02
-2.824475771219696441e+01,-7.299927629005503604e+01,1.182677750312404896e+02
-5.374941192180602911e+01,-2.742691677712896308e+02,4.019357400660329631e+02
-2.645076725247533744e+01,-9.169799894781585081e+00,-1.809565734292157657e+01
-2.651050065825772251e+01,-1.523057437126678337e+02,2.546855177510787200e+02
6.096773266894203402e+01,2.646502611458873844e+02,-3.981347885013827863e+02
-5.179242279037042351e+01,-2.410344605589744162e+02,3.811333458159690508e+02
8.334010857094608582e+01,3.135229464570245455e+02,-4.621084590518224218e+02
-9.353945240971937025e+00,-2.662865150167547768e+01,3.794897008516073100e+01
-1.087809375260293621e+01,4.973473940779955882e+01,-9.066234294001858984e+01
6.465954160381329530e+01,2.813526592079441002e+02,-4.187203719362253764e+02
-2.851010116718467202e+01,-2.175026077028769009e+02,3.393889409747233117e+02
-6.076718457656857453e+01,-2.365810062559003768e+02,3.547470797901228252e+02
-1.182724540156421789e+01,4.957240481986299407e+00,-2.501808967686741525e+01
3.282454791740979516e+01,1.786867616278999265e+02,-2.733289909125064128e+02
-3.472312330014725035e+01,-1.719711750974946085e+02,2.614890677469476259e+02
2.013493173308755502e+01,1.040469761153003958e+02,-1.727716278134906531e+02
-1.147029389961342005e+01,-1.973119340502271557e+00,-1.390256451968478357e+00
2.429526011949761255e+01,1.036816639283318437e+02,-1.610268105750066638e+02
1.033028681227247318e+02,3.662386959191225060e+02,-5.721848408472964138e+02
-6.273664165084659317e+01,-3.013068034607753702e+02,4.497967214917628667e+02
-2.952818682478319801e+01,-7.471926045042738451e+01,1.225675495483202013e+02
-5.403528400974557400e+01,-2.760996767245317187e+02,4.046882761032670714e+02
-2.415885327955232853e+01,-1.220654278187918429e+01,-1.462920530175393097e+01
-2.663567947949359294e+01,-1.541511723168961510e+02,2.573325600936049682e+02
6.142907080864339520e+01,2.654825382491869732e+02,-4.002228927302884358e+02
-5.210021672858727726e+01,-2.416712874896828396e+02,3.820029240038178955e+02
8.411453399917505180e+01,3.146784437326741681e+02,-4.640632460792222105e+02
-1.009347859079708520e+01,-2.898323012371088225e+01,4.107463787998406701e+01
-1.226615046120563690e+01,4.731656539066070621e+01,-8.694024823785427714e+01
6.431705284655738808e+01,2.792436094720502524e+02,-4.162870606185308020e+02
-2.829331014780420261e+01,-2.145120531825959915e+02,3.358542245371762647e+02
-6.066385108850841590e+01,-2.347601124345252686e+02,3.515479003540654617e+02
-1.199804932656912015e+01,6.281052909438982645e+00,-2.675382655834708956e+01
3.399496154313286667e+01,1.779355714382460008e+02,-2.706859609589301385e+02
-3.519366770935619115e+01,-1.729520545361150710e+02,2.626978873566941388e+02
1.921627961176161037e+01,1.105054259330921695e+02,-1.743946211498142134e+02
-1.189198885850346343e+01,-1.839961691760799711e+00,-1.917226501868413591e+00
2.431302419562931050e+01,1.039960590517780901e+02,-1.588408877082837591e+02
1.042317860173128850e+02,3.639904964240217282e+02,-5.690636615982645026e+02
-6.278055399656011559e+01,-3.011586823437233420e+02,4.493898210272037090e+02
-3.076328321581076608e+01,-7.624121220171717539e+01,1.270016533864196475e+02
-5.435472260132475952e+01,-2.779338816143923623e+02,4.074344793383764909e+02
-2.126530818777943566e+01,-1.479078370071464477e+01,-1.078698604508353398e+01
-2.800152943639161407e+01,-1.552371655168858808e+02,2.603271402716306966e+02
6.188696697917661282e+01,2.661562341164819259e+02,-4.024182534777388014e+02
-5.240839455004405778e+01,-2.423017200771021464e+02,3.828766961576383778e+02
8.410438559505956846e+01,3.162073459390000494e+02,-4.659242596767771829e+02
-1.079854057555289160e+01,-3.136650511703232169e+01,4.418572247827972888e+01
-1.264918661338366768e+01,4.321834610283656986e+01,-8.414353389335656175e+01
6.370534707117660389e+01,2.776068933184830030e+02,-4.135846174110492939e+02
-2.770562661321596565e+01,-2.123165122584138658e+02,3.318487646409059835e+02
-6.056666235715412228e+01,-2.329261502797746743e+02,3.483563759715119090e+02
-1.232115776009664820e+01,7.924711283108222482e+00,-2.830563318905529258e+01
3.369824291438626318e+01,1.766144288385409880e+02,-2.686589193961229398e+02
-3.528635680613449921e+01,-1.740944608447780126e+02,2.638459835435025980e+02
2.128572242915655721e+01,1.092935286170964133e+02,-1.804917104682378408e+02
-1.226891257111635625e+01,-1.778185626784917650e+00,-2.484856008174778363e+00
2.473706483193730676e+01,1.034195958249518270e+02,-1.571636329292765595e+02
1.037488485929336832e+02,3.615206334144913285e+02,-5.663593908233160619e+02
-6.281917040867337931e+01,-3.010165129836849474e+02,4.489797719778268288e+02
-3.161231876444271194e+01,-7.812942964037692661e+01,1.312501559960346071e+02
-5.469476357886853890e+01,-2.797694534809550078e+02,4.101775568712078552e+02
-1.673294826165673044e+01,-1.773379114986856209e+01,-6.960060474545887388e+00
-3.016687573833532809e+01,-1.561351122135945104e+02,2.633458013445816164e+02
6.277277561222577162e+01,2.664433513619748624e+02,-4.047895534151968491e+02
-5.271651755512864668e+01,-2.429254962317250772e+02,3.837548853962306907e+02
8.349100333017423736e+01,3.178792710830185797e+02,-4.678074043268133551e+02
-1.159028366337571647e+01,-3.379748176633639645e+01,4.725491652361891681e+01
-1.229929359232652963e+01,3.889671986580008678e+01,-8.138049943562882049e+01
6.288101973061351657e+01,2.765401831153229182e+02,-4.105394046526079705e+02
-2.783096994323887330e+01,-2.086456667006057160e+02,3.287245214105352602e+02
-6.047482710695820884e+01,-2.310756193110480865e+02,3.451750641594977651e+02
-1.287472900719119906e+01,1.003614584136426124e+01,-2.958982675869992818e+01
3.469574026136523059e+01,1.730373941891834590e+02,-2.679240213835760756e+02
-3.551739248653546355e+01,-1.752032316066769795e+02,2.649994584605446448e+02
2.206854388303212744e+01,1.117141007497674110e+02,-1.844499285422733976e+02
-1.276184604055198513e+01,-1.642861582867035875e+00,-3.019724250079534489e+00
2.509593489113957432e+01,1.030209462233967344e+02,-1.553831782166671474e+02
1.031397777987853743e+02,3.601014283396925748e+02,-5.630126490269752821e+02
-6.285252922792105323e+01,-3.008804074498247019e+02,4.485664865169144946e+02
-3.283338228794617208e+01,-8.113775154727913730e+01,1.347316894295539953e+02
-5.428831605307182429e+01,-2.786704365926054265e+02,4.083715485287590923e+02
-1.239122126454079975e+01,-2.044697134293488361e+01,-3.015440203165008271e+00
-2.892968803778213527e+01,-1.584922367012130451e+02,2.658205578872533010e+02
6.345262228693266593e+01,2.674296761224417196e+02,-4.067302523081716004e+02
-5.302433442892170490e+01,-2.435423219107998705e+02,3.846377100429277789e+02
8.475286650341226391e+01,3.189408302584844250e+02,-4.697303338961659733e+02
-1.251493151706228169e+01,-3.623915058503423126e+01,5.030038572572755129e+01
-1.284420045606206884e+01,3.604446045511571839e+01,-7.781017153487263727e+01
6.216822582785903961e+01,2.745361191585270149e+02,-4.081108682641142309e+02
-2.821599252802558411e+01,-2.048235566044454004e+02,3.256724481978158678e+02
-6.037913581738566648e+01,-2.292236826769064919e+02,3.419954084042631735e+02
-1.350232950671022358e+01,1.232831421449328957e+01,-3.076815320361562556e+01
3.464001140304858239e+01,1.733452097911137457e+02,-2.647750590048039498e+02
-3.604448781768906684e+01,-1.762206980195145150e+02,2.661769701205096794e+02
2.267003278386140863e+01,1.142629683670771215e+02,-1.883532746553796073e+02
-1.329527175814901874e+01,-1.504155634968812549e+00,-3.557609653968210939e+00
2.559536640534989971e+01,1.023651282476599675e+02,-1.537470514475009509e+02
1.018727252074673117e+02,3.588330165030783405e+02,-5.597001632735517660e+02
-6.288074447363617026e+01,-3.007502471538646773e+02,4.481500263939698243e+02
-3.392860158427117767e+01,-8.417637027044538911e+01,1.382095770195285809e+02
-5.381145637039661267e+01,-2.770010624274049178e+02,4.056863698008779693e+02
-9.300089661252970430e+00,-2.275349800036504533e+01,1.025512772556001151e+00
-2.995289591033627374e+01,-1.598558999720960969e+02,2.686719678994067522e+02
6.393088072422916923e+01,2.685247771054530972e+02,-4.086349616779176017e+02
-5.333106482146364158e+01,-2.441519520383597808e+02,3.855254266038698461e+02
8.419971948724581523e+01,3.204956098779907734e+02,-4.716803972696837377e+02
-1.344052435018374858e+01,-3.861687874550585775e+01,5.338695213552531271e+01
-1.291142516175902166e+01,3.275061197266924040e+01,-7.445424063189933861e+01
6.072352834637041497e+01,2.728050619899622689e+02,-4.056193600362704501e+02
-2.805753939335332348e+01,-2.018486161803254220e+02,3.221319904203878650e+02
-6.024654214100282701e+01,-2.272800257590326112e+02,3.388801385453194825e+02
-1.420276406603201380e+01,1.485303088911124192e+01,-3.180626491982074455e+01
3.312955250837047316e+01,1.722445098052159551e+02,-2.628029621235408513e+02
-3.629437077933193478e+01,-1.773657832133749537e+02,2.673039814025834175e+02
2.347594067592266498e+01,1.167325746661629609e+02,-1.922751359588503419e+02
-1.393805111018767029e+01,-1.296839381316180706e+00,-4.065246423868049241e+00
2.630617990182248889e+01,1.012473983547379106e+02,-1.523769167013053334e+02
9.938219734744039613e+01,3.572046956441990915e+02,-5.568519318285989357e+02
-6.290383589020553501e+01,-3.006261766741048973e+02,4.477302849274085474e+02
-3.441094448084215429e+01,-8.555308469557731144e+01,1.428350932968273810e+02
-5.331171065833331824e+01,-2.753223616143846471e+02,4.030102688981812094e+02
-7.147766582278358705e+00,-2.490164518705179475e+01,5.043481609292832069e+00
-3.165971851547664784e+01,-1.610144986483230696e+02,2.715719731079822736e+02
6.438015344973696585e+01,2.696076481607119035e+02,-4.105528195993353506e+02
-5.363636931732174418e+01,-2.447540849680079020e+02,3.864182688566870638e+02
8.414370416496714711e+01,3.214910508582195803e+02,-4.739064421213502669e+02
-1.492003399692797672e+01,-4.097213730312132185e+01,5.641826224099550302e+01
-1.339621402629452973e+01,2.985159161737219335e+01,-7.091040263786362630e+01
6.038043352366777583e+01,2.716074746185932440e+02,-4.025620882837531553e+02
-2.720403147446642933e+01,-1.997214242219737912e+02,3.181180508086023906e+02
-6.010208815792982762e+01,-2.253239627277567934e+02,3.357749343830558928e+02
-1.497325109397857901e+01,1.766473526681738448e+01,-3.266766212888177989e+01
3.481168019947551073e+01,1.705211753574095894e+02,-2.607167487923381941e+02
-3.701477495712094168e+01,-1.783434731997733422e+02,2.684837626412210057e+02
2.444044263578906495e+01,1.193398361966604284e+02,-1.960833639828148307e+02
-1.460947814424012670e+01,-1.096993120493948037e+00,-4.581513301505503399e+00
2.715262825823190695e+01,9.965863300910949363e+01,-1.512911853197726657e+02
9.631105816895788507e+01,3.534346697359285940e+02,-5.554608852504001106e+02
-6.292193456239720462e+01,-3.005080251724086224e+02,4.473073584325429124e+02
-3.430301871949399128e+01,-8.618836809871388027e+01,1.480079193034098921e+02
-5.278573379385514386e+01,-2.736312179385495824e+02,4.003458711380404225e+02
-5.669699826610434812e+00,-2.698847652202124792e+01,9.011285880912350166e+00
-3.333860677525849070e+01,-1.623081832580447781e+02,2.743847810206123086e+02
6.461097913768897172e+01,2.707905184030772148e+02,-4.124449394027605535e+02
-5.393964823863881719e+01,-2.453484351505896370e+02,3.873164942324747813e+02
8.555036141426469953e+01,3.227872378006707095e+02,-4.756444353096870827e+02
-1.685184483007551393e+01,-4.311674669245756064e+01,5.952709848196906961e+01
-1.440071221506670085e+01,2.735717022686280586e+01,-6.718677847423261085e+01
5.955943789858495307e+01,2.690802407714750188e+02,-4.004917343892922759e+02
-2.579071151900766878e+01,-1.984172552072393501e+02,3.136261356846418948e+02
-5.997001314836318642e+01,-2.233476814796372025e+02,3.326821833863613165e+02
-1.574636202623232961e+01,2.074233141249061774e+01,-3.335655303260517712e+01
3.310255875990556973e+01,1.697868314611021958e+02,-2.585368267512407670e+02
-3.714904440389017992e+01,-1.795851515310461082e+02,2.695607824412923037e+02
2.523868932559312483e+01,1.218750141672845047e+02,-1.999627234532975990e+02
-1.528271327400381097e+01,-9.230469844707189786e-01,-5.114656689308136883e+00
2.799525596352586376e+01,9.754269208938923441e+01,-1.505474223078666114e+02
9.704478670802663487e+01,3.486702081480179345e+02,-5.539618681500851380e+02
-6.293517739084578722e+01,-3.003956527635838825e+02,4.468813215097898137e+02
-3.452635558319165909e+01,-8.774410310513363243e+01,1.525484787824953798e+02
-5.223753539599024265e+01,-2.719235664803866825e+02,3.976955859999114296e+02
-4.625567936762075227e+00,-2.904490339627587758e+01,1.294033925011933661e+01
-3.469984265065279061e+01,-1.637769558965041483e+02,2.771206492989255707e+02
6.491360756390608344e+01,2.719060304476486181e+02,-4.143682576538843136e+02
-5.424040360313945541e+01,-2.459347178420988485e+02,3.882203451651710679e+02
8.648187782856929573e+01,3.237198936701142884e+02,-4.777171856547664675e+02
-1.856339569750847218e+01,-4.504907170585691745e+01,6.280061532399991364e+01
-1.512106578298883619e+01,2.462164474942742842e+01,-6.357812237547747003e+01
5.971040057535240209e+01,2.690928976271075612e+02,-3.965259335705976582e+02
-2.520093611514130671e+01,-1.959166428986277708e+02,3.098224498225345087e+02
-5.984208308202069304e+01,-2.213780125494705544e+02,3.295853963775267061e+02
-1.644641084132395648e+01,2.406620928828168360e+01,-3.387527708607870380e+01
3.276717668964736419e+01,1.683445912019921025e+02,-2.565982999219860403e+02
-3.777361261638915124e+01,-1.806453165720171228e+02,2.706974866475113117e+02
2.170650754820049855e+01,1.275088820481981458e+02,-2.025160359544636322e+02
-1.603925120454548647e+01,-6.642424308896033303e-01,-5.603555648534200628e+00
2.851458589711653602e+01,9.610746926549727220e+01,-1.494125121906485276e+02
9.552820276673273270e+01,3.465422551043545241e+02,-5.512287060843858626e+02
-6.294361351467475174e+01,-3.002890415883667288e+02,4.464521759951504123e+02
-3.472854224405865864e+01,-8.937463457357290508e+01,1.570435615976568897e+02
-5.166811036165648829e+01,-2.701954885057315323e+02,3.950621618188328625e+02
-4.968271281450527432e+00,-3.097028132192638594e+01,1.677192502573338118e+01
-3.538967720525713645e+01,-1.653682310638690467e+02,2.798590013913574808e+02
6.501590313946049093e+01,2.731316669872647935e+02,-4.162562340772627749e+02
-5.453777861949121331e+01,-2.465126193669040617e+02,3.891301306653585357e+02
8.520424049060314076e+01,3.255053206865063089e+02,-4.796556077252971022e+02
-1.930499326349681510e+01,-4.706874617020025653e+01,6.614496963758372772e+01
-1.617167927394655536e+01,2.216450818153896662e+01,-5.984174587314841176e+01
5.939330840276503665e+01,2.678553224126084160e+02,-3.934888621355663645e+02
-2.446763460302453197e+01,-1.936441847691353928e+02,3.058839728019969471e+02
-5.971591696756292578e+01,-2.194313006222106139e+02,3.264740833999753136e+02
-1.701547247954924202e+01,2.764282969232721143e+01,-3.421141916071337619e+01
3.473945375117833834e+01,1.666747645212257112e+02,-2.544232852302174592e+02
-3.872126384564270296e+01,-1.815644840225677683e+02,2.718875503124149873e+02
2.733515520808061439e+01,1.267602690885052965e+02,-2.077538963967113546e+02
-1.671124488731439328e+01,-5.075197936327192627e-01,-6.147279881003981039e+00
2.879115044983920413e+01,9.617237130138053658e+01,-1.473489069264851423e+02
9.446927100028379698e+01,3.444705897765147142e+02,-5.483750599284438749e+02
-6.294738821103285886e+01,-3.001880129600460236e+02,4.460200223017322969e+02
-3.506687629144008866e+01,-9.119337750126970832e+01,1.614016096276378107e+02
-5.108935522634167370e+01,-2.684477970887631386e+02,3.924437554553512086e+02
-6.792439964805554453e+00,-3.271223002474402364e+01,2.052534847469438972e+01
-3.601752258957744601e+01,-1.670123687023008756e+02,2.825688233713464115e+02
6.363874513291735013e+01,2.759201606574441712e+02,-4.173821805196418495e+02
-5.483135777104853048e+01,-2.470818822467327323e+02,3.900460625287012704e+02
8.708377115532805135e+01,3.263782996895347424e+02,-4.815829522343775011e+02
-2.291759993388643224e+01,-4.705842999544922378e+01,7.042406611826891094e+01
-1.726691947187750031e+01,1.981680210857795288e+01,-5.604346214939124593e+01
5.910353911644381952e+01,2.663911063311184080e+02,-3.905944490901904942e+02
-2.434287362411254207e+01,-1.902808828702174537e+02,3.025784964753540862e+02
-5.956214920927985901e+01,-2.175228018783232073e+02,3.233406348733710161e+02
-1.738305258685403487e+01,3.147742309127659865e+01,-3.435161679748056685e+01
3.633255705435153970e+01,1.629363437498480209e+02,-2.536703053022452536e+02
-3.871980381278440575e+01,-1.829782750208415507e+02,2.728655777666061795e+02
2.867547083053533896e+01,1.291790594565646018e+02,-2.116177289652754325e+02
-1.733942386030817318e+01,-4.248646743786678726e-01,-6.733220940652072883e+00
2.945926147315415022e+01,9.364589680970169638e+01,-1.468942718776536651e+02
9.733173065087731857e+01,3.472415229852655330e+02,-5.417676051020268915e+02
-6.294660305692250546e+01,-3.000924494029723633e+02,4.455849242737410236e+02
-3.707857325590093467e+01,-9.483488176829398242e+01,1.643856623712871112e+02
-5.050115506868372250e+01,-2.666834049455465561e+02,3.898384816688298429e+02
-8.044467464160410586e+00,-3.442201982398698590e+01,2.437066295886903333e+01
-3.653689382909498562e+01,-1.686822536699760349e+02,2.852742656502351792e+02
6.585046255956444838e+01,2.751341528529245579e+02,-4.202089433679869899e+02
-5.512022564855099205e+01,-2.476422000145106495e+02,3.909684512728925370e+02
8.734391974152103444e+01,3.277811998167677530e+02,-4.834756051874147715e+02
-2.436980427094973933e+01,-4.778249795944952183e+01,7.450881696309660640e+01
-1.820669554652540612e+01,1.752838778499245720e+01,-5.218680196885669176e+01
5.873112276433094081e+01,2.647809107160036319e+02,-3.878103139221710194e+02
-2.508497341829514937e+01,-1.861652157208914389e+02,2.996970450726109902e+02
-5.931602418411655009e+01,-2.157671325542644070e+02,3.201168874991857365e+02
-1.684348628884104215e+01,3.615255798251804009e+01,-3.382621379980245280e+01
3.423796719834898994e+01,1.643784022894224677e+02,-2.501268455541265325e+02
-3.913668064267752555e+01,-1.842197083575449312e+02,2.739061806894636106e+02
2.996246615637606325e+01,1.315458356114116043e+02,-2.155218313889646709e+02
-1.793698668019860776e+01,-4.147297912928028518e-01,-7.362095011978357917e+00
2.989591401189229813e+01,9.132307324894122758e+01,-1.463446937983995042e+02
9.226700723814357730e+01,3.441424432828225122e+02,-5.403186568079350991e+02
-6.294131281246842491e+01,-3.000022530023094873e+02,4.451469380868748544e+02
-3.574529172266448285e+01,-9.496663527615217504e+01,1.700254893219145345e+02
-4.990371588154800975e+01,-2.649086914284270051e+02,3.872419512392519323e+02
-8.877352959228051787e+00,-3.615458047688740351e+01,2.825451680459396187e+01
-3.717842105888421855e+01,-1.703197033610339020e+02,2.879854669168560690e+02
6.618865320816760800e+01,2.761354819218248053e+02,-4.222006946167115871e+02
-5.540413565219145653e+01,-2.481934206001979817e+02,3.918974150549526598e+02
8.739133072379232203e+01,3.294304853456323485e+02,-4.852459765889240089e+02
-2.483083953945984135e+01,-4.765344599117657509e+01,7.927579446831917664e+01
-1.890540168972619028e+01,1.541816208176064684e+01,-4.818400074804154798e+01
5.841620197409263682e+01,2.632040189658609961e+02,-3.849923678485265555e+02
-2.448961373874067249e+01,-1.838291307535621968e+02,2.957855211489704743e+02
-5.867866604110605522e+01,-2.149515542193193482e+02,3.163242106450382494e+02
-1.863543187146224511e+01,3.399045150086317335e+01,-3.802020817120168061e+01
3.620129373353003643e+01,1.597578125555791928e+02,-2.498872407397498705e+02
-4.016363440928979145e+01,-1.851580376764953826e+02,2.750727226473412657e+02
3.198331358083403231e+01,1.357516733588196871e+02,-2.181292757708088459e+02
-1.855754164802874229e+01,-4.166760827966184411e-01,-8.001689502260715514e+00
3.025824847561289843e+01,8.956175963380785277e+01,-1.454435441476070991e+02
9.616217215268184759e+01,3.436167833355017933e+02,-5.355794923317332632e+02
-6.293165162702234028e+01,-2.999172336035376247e+02,4.447061733419996017e+02
-3.777574901310654099e+01,-9.844371382666858494e+01,1.731123003579260740e+02
-4.929212802893416523e+01,-2.631304215791391243e+02,3.846500040959774651e+02
-9.857116254981587389e+00,-3.797731798601242303e+01,3.206341532837645758e+01
-3.668720933738676138e+01,-1.724175679846420621e+02,2.905628278718770616e+02
6.862784046061554477e+01,2.869971115978633520e+02,-4.172563231721484840e+02
-5.568188297480664062e+01,-2.487352386950933010e+02,3.928333009452352371e+02
8.426618734400418020e+01,3.306561661085982564e+02,-4.878972119179143192e+02
-2.410718552536694048e+01,-4.772881094829315174e+01,8.406210786211845232e+01
-1.921283277708924331e+01,1.371691097466008813e+01,-4.386573757858821665e+01
5.808888861739100662e+01,2.616114894434143707e+02,-3.821868201933645537e+02
-2.262176476178660778e+01,-1.838671075227451013e+02,2.904414168523384205e+02
-5.855269964264989824e+01,-2.129268451330086123e+02,3.132622565208026231e+02
-1.898183817394697925e+01,3.150171289686773335e+01,-4.222891391416632700e+01
3.219706337731592782e+01,1.630832770107295744e+02,-2.454307258751927066e+02
-4.020914268167572203e+01,-1.866348886976672361e+02,2.760023220388332561e+02
3.240395143416351686e+01,1.356682772236760002e+02,-2.237384624797264507e+02
-1.886582417423980118e+01,-8.571978808050688681e-01,-8.884537495167780463e+00
3.074341382111095555e+01,8.898544000134955922e+01,-1.437602522065392634e+02
8.927860507644518862e+01,3.376299890668680064e+02,-5.362507011400506372e+02
-6.291749140905713489e+01,-2.998374290685360961e+02,4.442626157105152629e+02
-3.678696169615835743e+01,-9.899121934368663744e+01,1.784419304197842564e+02
-4.866326010720298001e+01,-2.613547656021459034e+02,3.820585069071430553e+02
-9.852572299376133103e+00,-3.975758483587870273e+01,3.602317771126802626e+01
-3.607371401642967612e+01,-1.744608147440504808e+02,2.931610552055303174e+02
7.188429632309005513e+01,2.781611588307219449e+02,-4.252813520613287892e+02
-5.595165473099963549e+01,-2.492671996196568216e+02,3.937766347555818243e+02
8.325922944593357045e+01,3.320099238888134323e+02,-4.900526567301687351e+02
-2.595712625280014407e+01,-5.008858632072847428e+01,8.703289872843603803e+01
-1.936506243784684855e+01,1.383040892429489865e+01,-3.836084751689763550e+01
5.810921710889112290e+01,2.599275541229102942e+02,-3.793773736070850191e+02
-2.200474990169006517e+01,-1.820600084067357329e+02,2.861775885095416925e+02
-5.260479411477889045e+01,-2.176073967230300070e+02,3.065160882261272377e+02
-1.900543842498627356e+01,2.849431766213862005e+01,-4.672625516238247911e+01
